,TopicWord:1,TopicWeight:1
0,人工回灌,0.004439266
1,零价铁,0.0029225473
2,段,0.0026600214
3,沉淀,0.002460699
4,PRB,0.002460699
5,航空时域电磁,0.002250656
6,地下水,0.0022483051
7,地球物理,0.0022085255
8,资源,0.0022085255
