,TopicWord:1,TopicWeight:1
0,天然气水合物,0.0035742826
1,火成岩,0.003538888
2,各向异性,0.0029740082
3,早中生代,0.0029447626
4,Radon变换,0.002492834
5,额尔古纳地块,0.0023505944
6,公式,0.0020116009
7,分解,0.0017905395
8,描述,0.0017743829
