,TopicWord:1,TopicWeight:1
0,冲击夯,0.004021906
1,高压麻粒岩,0.0037987158
2,蓝片岩,0.0032031217
3,LNAPLs,0.0028769153
4,面波,0.0025663248
5,雷达,0.0023815013
6,渗漏扩散,0.0022844623
7,探地雷达,0.0021957082
8,月球,0.0020216668
