,TopicWord:1,TopicWeight:1
0,冰芯,0.002666969
1,有机质富集,0.0020020842
2,有机质,0.0017247306
3,测试,0.0017173612
4,微生物,0.0017136768
5,长石,0.0016273557
6,有机质旋回,0.001612756
7,旋回,0.001612756
8,水,0.0016006582
