,TopicWord:1,TopicWeight:1
0,金属矿,0.0005558643
1,金矿,0.0005558643
2,近几年,0.0005558643
3,造山型,0.0005558643
4,造山带,0.0005558643
5,金,0.0005558643
6,花岗质,0.0005558643
7,作用机制,0.0005558643
8,铜多,0.0005558643
