,TopicWord:1,TopicWeight:1
0,发射率,0.003424994
1,MRS,0.0028013072
2,估计,0.0025576563
3,月表,0.0023628513
4,混合矩阵,0.002264276
5,目标,0.0021415632
6,反演,0.0021225158
7,GPR,0.0020355287
8,磁测,0.0020273014
