,TopicWord:1,TopicWeight:1
0,样品,0.003141349
1,水合物,0.0027310306
2,火山,0.0026196127
3,饱和度,0.0020824485
4,萤火虫算法,0.0020618013
5,长白山火山,0.0019873856
6,界面,0.0019055828
7,远探测,0.0018393028
8,仪器,0.0018393028
