,TopicWord:1,TopicWeight:1
0,中国东部,0.0025161225
1,混凝土,0.0023400884
2,界面过渡区,0.0023400884
3,变质作用,0.002333522
4,有机质富集,0.0021249393
5,板块,0.0018248432
6,吉林西部,0.0015266731
7,土,0.0015266731
8,压型,0.0014962385
