,TopicWord:1,TopicWeight:1
0,消费者,0.013396495
1,学习,0.012352971
2,产品,0.011470818
3,群体,0.009768847
4,自我,0.009768847
5,定价,0.008066766
6,策略,0.008066766
7,销售商,0.008066766
8,型,0.008066766
