,TopicWord:1,TopicWeight:1
0,创业机会-资源开发行为,0.008112608
1,创业,0.0059705633
2,开发,0.0055203787
3,创业行为,0.0055203787
4,创业学习,0.0055203787
5,机会开发,0.0055203787
6,资源,0.004524228
7,LCOR,0.0042240317
8,规律,0.0042240317
