,TopicWord:1,TopicWeight:1
0,跨国并购,0.01700009
1,知识转移,0.012612453
2,组织整合能力,0.006761936
3,企业,0.0060304813
4,组织再学习,0.0052988976
5,兼容性,0.0052988976
6,知识,0.0052988976
7,组织忘记,0.0052988976
8,组织,0.0052988976
