,TopicWord:1,TopicWeight:1
0,机会,0.008390883
1,一体化,0.008390883
2,创业,0.0071061826
3,开发,0.0071061826
4,资源整合,0.0071061826
5,创业企业,0.0058213924
6,机会开发,0.0058213924
7,资源,0.0048119184
8,网络响应能力,0.004536327
