,TopicWord:1,TopicWeight:1
0,新媒体,0.013743841
1,企业能力,0.011834232
2,信息消费,0.01143951
3,层级体系,0.010461071
4,域,0.009135136
5,创业学习,0.009087886
6,即兴行为,0.00771466
7,层级,0.006341335
8,能力,0.006341335
