,TopicWord:1,TopicWeight:1
0,市场一体化,0.014802747
1,知识,0.011095539
2,社会福利,0.009734431
3,影响,0.008467315
4,政府,0.007756519
5,维度,0.006613556
6,网站,0.006613556
7,信息,0.006613556
8,政务信息,0.006613556
