,TopicWord:1,TopicWeight:1
0,越轨创新,0.015322666
1,子,0.005600152
2,创新,0.0052818405
3,组织,0.0052818405
4,事件系统理论,0.0043844003
5,叛逆,0.0043844003
6,忠诚,0.0043844003
7,形成机制,0.0043844003
8,探讨,0.0043844003
