,TopicWord:1,TopicWeight:1
0,用户创业,0.008741208
1,决策,0.007587759
2,病历,0.0067210547
3,电子,0.0067210547
4,解释,0.005646736
5,数据驱动,0.0049875486
6,开发,0.0046151294
7,创业活动,0.0046151294
8,传统,0.0046151294
