,TopicWord:1,TopicWeight:1
0,数字创业,0.018142628
1,数字创业机会共创,0.011266814
2,社会互动,0.009547801
3,机会,0.007828692
4,视角,0.0061093057
5,核心,0.0061093057
6,观,0.0061093057
7,共创,0.0061093057
8,技术,0.0061093057
