,TopicWord:1,TopicWeight:1,TopicWord:2,TopicWeight:2,TopicWord:3,TopicWeight:3
0,NK细胞,0.0016314709,手性,0.0015903582,材料,0.0019329882
1,TL1A,0.0015850911,材料,0.00131372,牙周炎,0.0015055913
2,IL,0.0015204548,传感,0.0012642862,器件,0.0012172207
3,表达,0.0015143208,胶体,0.0010592476,碳点,0.0009828606
4,24,0.0014516563,表面,0.0010394835,了,0.00096896145
