,TopicWord:1,TopicWeight:1
0,LPA,0.0028444335
1,鼻粘膜上皮,0.0026016051
2,AD,0.0022387016
3,自噬,0.002155745
4,Treg细胞,0.0021062708
5,吸入,0.0018239934
6,麻醉药,0.0018239934
7,S1,0.0018189434
8,λ,0.0017436387
