,TopicWord:1,TopicWeight:1
0,Cav-,0.0022836092
1,BRCA1,0.002241272
2,生物毒素,0.0022365958
3,HCV,0.0020662888
4,BMSCs,0.0020554108
5,AML,0.0019359762
6,缝隙连接,0.001889696
7,偶联,0.0018759614
8,肝纤维化,0.0018703629
