,TopicWord:1,TopicWeight:1
0,ER,0.0027495904
1,PD,0.0026633092
2,Bcl-2,0.0022141521
3,刺五加,0.0022079183
4,肝脏,0.0022053109
5,HTCP,0.0021508613
6,E,0.002081497
7,SIRT,0.0019530258
8,结肠癌,0.0019126036
