,TopicWord:1,TopicWeight:1
0,衰老,0.0024853575
1,NRP1,0.0023253744
2,143,0.0021346773
3,miR-,0.0020755455
4,SLE,0.002041427
5,FASN,0.0020362178
6,22,0.0017787027
7,p300,0.0017564343
8,神经,0.0015463678
