,TopicWord:1,TopicWeight:1
0,CD47,0.0033379113
1,,0.0031647724
2,转移,0.002272196
3,PAF,0.0022487084
4,Tiam,0.002138646
5,半月板,0.0020840236
6,SLE,0.0019449771
7,牙周炎,0.0017425786
8,MDSC,0.001619185
