,TopicWord:1,TopicWeight:1
0,胃癌,0.002258977
1,p38,0.0022427111
2,三阴乳腺癌,0.0021147411
3,poly,0.002024767
4,ORC,0.0019833324
5,MAPK,0.0019499311
6,AD,0.0018962264
7,AS,0.00188613
8,G4,0.0017524133
