,TopicWord:1,TopicWeight:1
0,M,0.0026003292
1,红细胞,0.0024477441
2,VEGF-C,0.0023357987
3,ICD,0.0022547334
4,鼻息肉,0.0021417392
5,NBP,0.0019732018
6,miR-10b,0.001879031
7,能量限制,0.0017986746
8,AD,0.0017874029
