,TopicWord:1,TopicWeight:1
0,线粒体自噬,0.0023942632
1,抑郁,0.002010502
2,白色念珠菌,0.0019071421
3,病毒性心肌炎,0.001751803
4,HNSCC,0.0017367477
5,CCK,0.0017301891
6,ROS,0.0017064087
7,GNE肌病,0.001694193
8,胃癌,0.0016758528
