,TopicWord:1,TopicWeight:1
0,衰老,0.0021537924
1,TRIM67,0.0021327196
2,外泌体,0.0021297603
3,Sestrin2,0.002086233
4,Nrf2,0.0020505707
5,ChREBP,0.002008064
6,足细胞,0.0019676625
7,分子探针,0.0018208824
8,TMAO,0.0018125583
