,TopicWord:1,TopicWeight:1
0,纳米颗粒,0.00288575
1,OLED,0.0026845366
2,调制,0.0022877008
3,匹配,0.0022851953
4,配准,0.002186995
5,区域,0.002046571
6,加工,0.0019452029
7,阵列,0.0019336647
8,PC,0.0019260674
