,TopicWord:1,TopicWeight:1
0,红外,0.0037851287
1,图像,0.003093641
2,柔性,0.002767215
3,硫化氢,0.0027338043
4,氧化,0.0027338043
5,铟,0.0027338043
6,层,0.0024972847
7,薄膜,0.002436184
8,窝,0.0024020807
