,TopicWord:1,TopicWeight:1
0,InGaN,0.003078511
1,激光器,0.0023220656
2,绿光,0.002256031
3,GaN,0.0018446862
4,衬底,0.001751577
5,成功,0.0014330794
6,Al,0.0014330794
7,阱,0.0014330794
8,半导体激光器,0.0014330794
