,TopicWord:1,TopicWeight:1
0,TEWOLED,0.0044529843
1,光谱,0.002928028
2,机器视觉,0.0028976272
3,模式,0.0028976272
4,空间,0.0025280078
5,发现,0.0024398055
6,图像,0.0024398055
7,定性空间推理,0.0023473897
8,角度,0.0021842185
