,TopicWord:1,TopicWeight:1
0,接触,0.004088048
1,电荷,0.0026118483
2,服务质量,0.0025408526
3,安全性,0.0025408526
4,流行病,0.0022608235
5,网络,0.0022429659
6,量子点,0.002204662
7,情景,0.0021478578
8,群体,0.001808159
