,TopicWord:1,TopicWeight:1
0,特征选择,0.003404789
1,分割,0.0032529228
2,能隙,0.0027924876
3,石墨烯,0.002789751
4,高维数据,0.0021802916
5,降维,0.0021802916
6,气体,0.0021491223
7,原子,0.0018944736
8,激光,0.0018406984
