,TopicWord:1,TopicWeight:1
0,极限工况,0.00289368
1,汽车主动安全,0.0021234953
2,失稳,0.0020128335
3,半导体,0.0019402705
4,协同控制,0.0017382953
5,Na,0.0017027287
6,Nature,0.0017027287
7,汽车,0.001639596
8,控制,0.0015935618
