,TopicWord:1,TopicWeight:1
0,深度学习处理器,0.0034863923
1,轨迹,0.0034795841
2,碳同位素,0.0029507289
3,可靠性,0.0025860064
4,错误,0.00216858
5,气室,0.0019789224
6,地标,0.0017045127
7,定位,0.0017045127
8,融合,0.0016927886
