,TopicWord:1,TopicWeight:1
0,MDM,0.0036344593
1,放大,0.003216235
2,模式,0.00240298
3,铒,0.0023796952
4,信号,0.0023581306
5,放大器,0.0019612962
6,少模,0.0019612962
7,补偿,0.0016971809
8,掺杂,0.0016755932
