,TopicWord:1,TopicWeight:1
0,胰腺癌,0.004155005
1,波束,0.0029904454
2,二维多波束,0.0029904454
3,模式分集,0.0025299452
4,真延时,0.0025299452
5,肿瘤,0.0021738317
6,扫描,0.002154495
7,≥,0.0020693578
8,波束形成,0.0020693578
