,TopicWord:1,TopicWeight:1
0,正则,0.0040210565
1,插值,0.0036730603
2,复对称算子,0.0030326108
3,算子,0.0030326108
4,静止光,0.0028324781
5,甲烷,0.0027573984
6,信息,0.0025515605
7,随机,0.0024429637
8,四波混频,0.0022822602
