,TopicWord:1,TopicWeight:1
0,流形,0.0036202017
1,Bott,0.0032475418
2,骨干教师,0.002843053
3,高校,0.002843053
4,数学教师,0.002291943
5,上同调,0.0021294262
6,复,0.0021294262
7,数学,0.0017647535
8,上同调刚性,0.0017565717
