,TopicWord:1,TopicWeight:1
0,自同构,0.003901484
1,Galois,0.0033948806
2,多项式,0.0033061728
3,四波混频,0.0031902553
4,脉冲,0.003008939
5,可积性,0.002893899
6,减慢,0.0028226327
7,信号,0.0018127119
8,存储,0.0018127119
