,TopicWord:1,TopicWeight:1
0,二硫化钼,0.0038262333
1,电子,0.003125888
2,CdS,0.0028898034
3,多重异质结纳米棒,0.0028898034
4,MnS,0.0028898034
5,高压,0.0024619864
6,纳米材料,0.0021583976
7,谷,0.0020373343
8,二维,0.0020373343
