,TopicWord:1,TopicWeight:1
0,碘分子,0.004995978
1,晶体,0.0035933566
2,孔道,0.0026581618
3,AEL,0.0021904344
4,AFI,0.0021904344
5,链,0.0021904344
6,分子,0.002020019
7,一维,0.0019027503
8,41,0.0017223877
