,TopicWord:1,TopicWeight:1
0,聚合氮,0.0040009166
1,理论物理,0.003359527
2,纳米线,0.003175129
3,正维多项式系统,0.0029932356
4,SNLs,0.0027499467
5,压力,0.0026999763
6,纳米晶,0.0025709185
7,模型,0.0024799884
8,稀土上转换,0.0024730586
