,TopicWord:1,TopicWeight:1
0,半导体纳米晶,0.0033062466
1,CdSe,0.0032249421
2,金属氢,0.0029393728
3,钙钛矿,0.002787159
4,界面,0.0025942184
5,搜索,0.0025556744
6,界面结构,0.0025556744
7,离子,0.0025270574
8,高压,0.0022884868
