,TopicWord:1,TopicWeight:1
0,荧光共振能量转移,0.004702915
1,测温,0.0040491675
2,分子,0.0039295014
3,电离,0.0034258403
4,强场电离,0.0028789479
5,激发,0.0028218357
6,过程,0.0026973481
7,灵敏度,0.0026101149
8,超快动力学,0.0024105916
