,TopicWord:1,TopicWeight:1
0,超原子,0.0038799078
1,光场,0.0034223457
2,钙钛矿量子点,0.0032552173
3,涡旋,0.0027356173
4,相位,0.0020013617
5,混合型,0.0019893171
6,定性,0.0019893171
7,光子晶体,0.0018289783
8,间,0.0016958737
