,TopicWord:1,TopicWeight:1
0,非线性弹性问题,0.0040353867
1,势能面,0.003430407
2,李代数,0.0032583922
3,糖尿病,0.0031046118
4,治疗,0.0027421461
5,界面,0.0026150462
6,晶体结构预测,0.002612394
7,弱有限元方法,0.0025951823
8,3-李代数,0.002473846
