,TopicWord:1,TopicWeight:1,TopicWord:2,TopicWeight:2,TopicWord:3,TopicWeight:3
0,HBV,0.0013643638,催化剂,0.0016266359,-,0.001056021
1,论文,0.0013496368,Galois,0.0012770124,"""",0.0009341054
2,DC,0.0012311926,NOx,0.0010644341,细胞,0.00089555397
3,篇,0.0010402144,表达,0.000980069,InN,0.0008855118
4,胶体与界面化学,0.00092000066,效率,0.0008566787,Treg,0.00087898877
