,TopicWord:1,TopicWeight:1,TopicWord:2,TopicWeight:2,TopicWord:3,TopicWeight:3,TopicWord:4,TopicWeight:4
0,量子点,0.0011016538,UC,0.0017611306,目标,0.0012394883,表达,0.0013539575
1,病毒,0.0010568917,数据,0.001224153,成像,0.001046163,篇,0.0012224086
2,材料,0.00097597274,高维,0.001051464,方法,0.001003763,乳腺癌,0.0011089755
3,认知负荷,0.00094461924,PD-L1,0.0010469598,菌,0.0009980917,仿生,0.0010746579
4,3,0.0009216796,聚类,0.0010343591,创新驱动创业,0.00095950183,ER,0.0010683507
