,TopicWord:1,TopicWeight:1,TopicWord:2,TopicWeight:2,TopicWord:3,TopicWeight:3
0,结构,0.0020680008,IPF,0.0013315225,路标,0.0014496369
1,材料,0.0020617386,李斯特菌,0.0011211387,P53,0.0012680389
2,下,0.0016766065,超分子聚合物,0.0011150191,PCBs,0.0012294273
3,分子,0.0016524498,黑素,0.0010918478,会议,0.0012011195
4,问题,0.0016094497,驾驶,0.0010484775,前列腺癌,0.0011257995
