,TopicWord:1,TopicWeight:1,TopicWord:2,TopicWeight:2,TopicWord:3,TopicWeight:3
0,玉米,0.001721239,,0.0058004,僵尸,0.0012054795
1,农机部件,0.0012015722,材料,0.002441965,汞,0.0011969715
2,纤维素,0.0011526396,-,0.0020859847,胚胎着床,0.0011964346
3,铆接,0.001081412,结构,0.0019686013,生物被膜,0.0011535747
4,中国,0.00107156,及,0.0019020545,IRI,0.0010596918
