,TopicWord:1,TopicWeight:1,TopicWord:2,TopicWeight:2,TopicWord:3,TopicWeight:3,TopicWord:4,TopicWeight:4
0,材料,0.0023156055,,0.0064834985,肿瘤,0.0011787642,羟甲基化,0.0014315078
1,催化剂,0.002159943,分子,0.0011789157,自身抗体,0.0011774343,流体,0.0012079037
2,聚合物,0.0019558296,构造,0.0011240339,相关,0.001120772,细胞,0.0012004668
3,-,0.0016173172,车辆,0.0010724125,金刚石,0.0010470755,材料,0.0011048461
4,制备,0.001495884,过程,0.0010676685,碳点,0.0010266559,蛋白,0.001084942
