,TopicWord:1,TopicWeight:1
0,飞秒激光,0.008922311
1,POFG,0.008922311
2,相变,0.005523516
3,光栅,0.005523516
4,调谐,0.005523516
5,稳定,0.005523516
6,折射率,0.005523516
7,反射率,0.005523516
8,波长,0.005523516
