,TopicWord:1,TopicWeight:1
0,柔性,0.013085715
1,分子识别,0.011742789
2,OPVs,0.011267376
3,微纳结构,0.009482327
4,识别,0.0077138687
5,折叠,0.006370745
6,药物,0.006370745
7,生物,0.006370745
8,框架,0.006370745
