,TopicWord:1,TopicWeight:1
0,中缝核,0.025856791
1,LHb,0.018684516
2,-HT,0.016293721
3,神经元,0.013902874
4,活动,0.011511909
5,变化,0.011511909
6,抑郁症,0.011511909
7,涉及,0.009120596
8,神经环路,0.009120596
