,TopicWord:1,TopicWeight:1
0,基础,0.0068027205
1,奠定,0.0068027205
2,匮乏,0.0068027205
3,原子,0.0068027205
4,原子尺度,0.0068027205
5,变化,0.0068027205
6,可控性,0.0068027205
7,各相,0.0068027205
8,包括,0.0068027205
