,TopicWord:1,TopicWeight:1
0,指数,0.008064517
1,数值,0.008064517
2,弱有限元方法,0.008064517
3,微观结构,0.008064517
4,快速,0.008064517
5,扩展,0.008064517
6,工作,0.008064517
7,振荡,0.008064517
8,更好,0.008064517
