,TopicWord:1,TopicWeight:1
0,临床,0.004761905
1,高次谐波产生,0.004761905
2,人源化小鼠,0.004761905
3,人体,0.004761905
4,交换,0.004761905
5,人肺,0.004761905
6,TRM,0.004761905
7,量级,0.004761905
8,飞秒,0.004761905
