,TopicWord:1,TopicWeight:1
0,接触,0.0075757573
1,控制策略,0.0075757573
2,思想,0.0075757573
3,性,0.0075757573
4,性能,0.0075757573
5,拉压,0.0075757573
6,拓扑结构,0.0075757573
7,差,0.0075757573
8,提高,0.0075757573
