,TopicWord:1,TopicWeight:1
0,构筑,0.00425532
1,本质,0.00425532
2,相关,0.00425532
3,相互作用,0.00425532
4,生长,0.00425532
5,特定,0.00425532
6,药物,0.00425532
7,放大,0.00425532
8,晶态,0.00425532
