,TopicWord:1,TopicWeight:1
0,手段,0.003717472
1,惰性,0.003717472
2,构-效关系,0.003717472
3,极易,0.003717472
4,最富,0.003717472
5,最前沿,0.003717472
6,挑战性,0.003717472
7,模拟,0.003717472
8,室温,0.003717472
