,TopicWord:1,TopicWeight:1
0,LSD1,0.003839828
1,胚胎着床,0.0034067878
2,核盘菌,0.0029823242
3,高脂血症,0.0029640638
4,apoCIII,0.0029640638
5,Hsp90,0.0028623634
6,Egr1,0.0027578683
7,胆固醇,0.0024940073
8,Cdc37,0.0021835512
