,TopicWord:1,TopicWeight:1
0,Lp-PLA,0.0035275654
1,SRV,0.0034256238
2,布鲁菌,0.0031028003
3,非编码小RNA,0.002893599
4,SrtA,0.0024743222
5,树突棘,0.0020879474
6,病原菌,0.0020759862
7,apoCIII,0.0020392356
8,Bam,0.0018134962
