,TopicWord:1,TopicWeight:1
0,AIM2,0.004141145
1,黍,0.0040686713
2,肉质性状,0.0035302322
3,BDNF,0.0034460388
4,睾丸,0.002933648
5,起源,0.0027067447
6,甲基化,0.002688677
7,睾酮,0.0025421556
8,间质细胞,0.0021506257
