,TopicWord:1,TopicWeight:1
0,apoCIII,0.0032825156
1,AS,0.0032825156
2,DNMT1,0.0028196408
3,AKT激酶,0.0028196408
4,TLR4,0.0025077376
5,高分子,0.0023148565
6,多肽,0.0019892615
7,靶向,0.0019892615
8,印记,0.0019199996
