,TopicWord:1,TopicWeight:1
0,LHb,0.004296448
1,抑郁,0.0028407676
2,甲低,0.0028407676
3,中缝背核,0.0021127902
4,改变,0.0015689568
5,神经元,0.0014252028
6,甲状腺,0.0013841658
7,-HT,0.0013841658
8,鼠,0.0013841658
