,TopicWord:1,TopicWeight:1
0,外泌体,0.003501231
1,IGF-1R,0.0033590356
2,PCV,0.0031534901
3,H2S,0.0029847594
4,HMGCR,0.0028534315
5,完整吸收,0.0027277616
6,发酵,0.002670651
7,寡肽,0.0024749988
8,NS,0.0024169635
