,TopicWord:1,TopicWeight:1
0,铁死亡,0.0031290045
1,鹿茸,0.0030277453
2,通用,0.0029001741
3,植物,0.0027173692
4,脊髓损伤,0.00270366
5,OPs,0.0025682757
6,环境,0.002378044
7,科尔沁沙地,0.0023176933
8,早-中侏罗世,0.00229924
