,TopicWord:1,TopicWeight:1
0,水稻,0.0034283407
1,NDV,0.0032837184
2,1P1,0.0030282936
3,HIV,0.003018367
4,抑郁,0.0029439537
5,GBP,0.0026695176
6,NDV-vsRNA,0.0026688655
7,OsGATA,0.0025549002
8,抗病毒,0.0023107235
