,TopicWord:1,TopicWeight:1
0,PCV,0.0047971555
1,雌激素,0.0030959456
2,2b,0.0029686433
3,抗性,0.002857876
4,螺虫乙酯,0.002857876
5,降解,0.0027244228
6,促,0.0025712685
7,酶,0.0025214849
8,害虫,0.002409787
