,TopicWord:1,TopicWeight:1,TopicWord:2,TopicWeight:2,TopicWord:3,TopicWeight:3,TopicWord:4,TopicWeight:4
0,,0.0029524083,GPR109A,0.0012227173,材料,0.001904165,作业,0.0012747666
1,原子,0.0011521117,-,0.0010933804,激发态,0.0012807493,骨质疏松,0.00096418534
2,图像,0.0010972184,表面态,0.0010285529,GBM,0.0010989882,高维,0.00091911305
3,越轨创新,0.0010473885,AUV,0.00093746645,表面,0.0010855651,应对性消费,0.0009191034
4,数据,0.0010103203,发光,0.0008869184,知识付费,0.0009792013,鲍曼不动杆菌,0.0009075121
