,TopicWord:1,TopicWeight:1,TopicWord:2,TopicWeight:2
0,一氧化碳中毒,0.001003565,篇,0.0016064794
1,负离子,0.000970113,钙钛矿,0.0014849353
2,BRD4,0.0009586174,CO2,0.0014557184
3,压缩,0.00095178955,纳米晶,0.0014244495
4,Vif,0.0009489912,白光,0.0013935642
