,TopicWord:1,TopicWeight:1
0,多刺激响应,0.002391519
1,偶氮,0.002295351
2,纳米棒,0.002073358
3,头部,0.002025077
4,微结构,0.0019353089
5,软磁,0.001917376
6,支架,0.0019159302
7,发光,0.0017416799
8,晶体管,0.0016319597
