,TopicWord:1,TopicWeight:1
0,环形交叉口,0.0031653233
1,交叉口,0.003122186
2,直链淀粉,0.0023896182
3,运行,0.002199358
4,LiFeSO4F,0.0021564749
5,聚集态结构,0.0018907115
6,纳米颗粒,0.0018468942
7,交通,0.0018404643
8,坏死,0.0016148398
