,TopicWord:1,TopicWeight:1
0,压电,0.002863796
1,过渡金属,0.0023375808
2,氢氧化物,0.002120002
3,力致变色材料,0.002009199
4,腐蚀,0.0019868694
5,模态参数,0.0018979287
6,桥梁,0.0018459475
7,磁性,0.0017251708
8,纳米晶,0.0017251708
