,TopicWord:1,TopicWeight:1
0,壳聚糖,0.0033545727
1,抗疲劳,0.0029739295
2,止裂,0.002511616
3,硼肼,0.0021697378
4,生物,0.0018232078
5,流体,0.0017743021
6,储氢,0.0017350429
7,制氢,0.0017350429
8,材料,0.0016830002
