,TopicWord:1,TopicWeight:1
0,QDs,0.0028293931
1,异质结,0.0024399906
2,金刚石,0.0021578367
3,梯度结构,0.0019854775
4,板材成形,0.0019843443
5,超支化聚酰亚胺,0.0019154417
6,燃烧,0.0018626676
7,自燃,0.0018626676
8,IRMC,0.0017122652
