,TopicWord:1,TopicWeight:1
0,纳米间隙,0.0034057025
1,金属玻璃,0.0032898427
2,催化剂,0.0025715441
3,鲁棒性,0.0021953974
4,有机发光场效应晶体管,0.002091679
5,修饰,0.00207904
6,界面,0.001950786
7,高,0.0017886185
8,网络,0.0016437676
