,TopicWord:1,TopicWeight:1
0,齿形链,0.002755432
1,COFs,0.002526253
2,共晶,0.0019912086
3,变异,0.0018053703
4,液滴,0.0017918115
5,杀菌,0.0017302965
6,细菌,0.0017302965
7,超分子,0.001718469
8,表面,0.0016249963
