,TopicWord:1,TopicWeight:1
0,刀具,0.0029714473
1,焊接接头,0.002663517
2,COFs,0.0023238398
3,吸附,0.0022898267
4,E2,0.0022592905
5,给受体,0.0020814927
6,硬岩,0.0017734403
7,掘进刀具,0.0017734403
8,修复,0.001546419
