,TopicWord:1,TopicWeight:1
0,金刚石,0.002940541
1,冲刷,0.0029119032
2,车队,0.0028166005
3,流场,0.002707691
4,双极板,0.002707691
5,hcp,0.00251671
6,桥梁,0.002501704
7,金属锂,0.0022215561
8,掺杂,0.0020257588
