,TopicWord:1,TopicWeight:1
0,PD-L1,0.002951083
1,发光,0.0024278818
2,h-BN,0.0023825942
3,共晶,0.0022587865
4,变质,0.002092961
5,拉形,0.0019712797
6,纤维,0.0019712797
7,缺陷,0.0018112846
8,抗体,0.0018072822
