,TopicWord:1,TopicWeight:1
0,双光子,0.003832226
1,离子液体,0.0036258942
2,泛素,0.003131246
3,类泛素,0.0028083934
4,疏水缔合,0.002558349
5,光谱,0.002498694
6,预测,0.0024341457
7,双光子吸收,0.0024248753
8,修饰,0.0023944152
