,TopicWord:1,TopicWeight:1
0,团簇,0.0036043625
1,组装,0.0032239535
2,固相,0.0031392854
3,开放骨架,0.0030412055
4,物种,0.0028114065
5,多级,0.0024845172
6,Mo,0.0024387978
7,微孔,0.0024066567
8,有机污染物,0.0022847757
