,TopicWord:1,TopicWeight:1
0,水氧化,0.0038623922
1,手性,0.0034766493
2,咪唑,0.0026528975
3,POF,0.002344074
4,鎓,0.00223602
5,阴离子交换膜,0.00223602
6,水裂解,0.0022155107
7,催化剂,0.001918315
8,掺杂剂,0.0019001277
