,TopicWord:1,TopicWeight:1
0,结构导向效应,0.00390091
1,微孔晶体,0.0025041525
2,晶化,0.002038463
3,变量,0.0019493734
4,合成,0.0019183479
5,剂,0.0017758704
6,改变,0.0015991678
7,受,0.0015725392
8,成对,0.0015725392
