,TopicWord:1,TopicWeight:1
0,HOFs,0.0041758884
1,核酸,0.0037581322
2,促动器,0.0031007442
3,微,0.0029238258
4,序列,0.0027379054
5,响应,0.0026098373
6,外界,0.002229976
7,G-,0.0022021418
8,自支持膜,0.0021188601
