,TopicWord:1,TopicWeight:1
0,聚合物碳点,0.003547904
1,力,0.003360241
2,激发态,0.0030927125
3,苏丹红,0.003062344
4,参考,0.002682998
5,分子,0.0023377368
6,一套,0.0022732443
7,样品,0.0021949147
8,分子印迹,0.002091093
