,TopicWord:1,TopicWeight:1
0,铝,0.005146448
1,聚合物,0.0048255282
2,分子筛,0.0041777287
3,修复,0.0034039605
4,纳米晶,0.0026760492
5,合作,0.002567222
6,高强度,0.0022901595
7,催化,0.0021728934
8,国际,0.0019444919
