,TopicWord:1,TopicWeight:1
0,表面增强拉曼,0.0039797416
1,电离,0.0039246907
2,解吸,0.0039246907
3,三联吡啶,0.003723442
4,配位,0.0034930536
5,耗散化学体系,0.0030830263
6,循环,0.0030590778
7,配体,0.002724175
8,表面等离子体,0.0027126472
